{
  "강원": ["영월군", "속초시", "원주시", "강릉시"],
  "경기": [
    "평택시",
    "화성시",
    "부천시",
    "남양주시",
    "파주시",
    "광명시",
    "수원시",
    "성남시",
    "용인시",
    "안산시",
    "여주시",
    "광주시",
    "안성시",
    "의정부시",
    "구리시",
    "시흥시",
    "군포시",
    "김포시",
    "안양시",
    "남양주시",
    "고양시",
    "이천시"
  ],
  "경남": [
    "거제시",
    "창원시",
    "진주시",
    "양산시",
    "사천시",
    "남해군",
    "하동군",
    "함안군"
  ],
  "경북": ["안동시", "예천군", "영주시", "경주시"],
  "광주": [],
  "대구": ["달성군"],
  "대전": ["유성구", "서구"],
  "부산": ["기장군", "동래구", "남구", "수영구", "부산진구", "사하구"],
  "서울": [
    "중구",
    "도봉구",
    "서초구",
    "관악구",
    "서대문구",
    "금천구",
    "성북구",
    "영등포구",
    "양천구",
    "동작구",
    "강서구",
    "마포구",
    "성동구",
    "송파구",
    "구로구",
    "종로구",
    "동대문구",
    "서초구",
    "강북구",
    "강남구"
  ],
  "세종": ["시청대로", "새롬로", "도담동"],
  "울산": ["남구", "중구"],
  "인천": ["서구", "연수구", "미추홀구", "남동구", "계양구", "중구"],
  "전남": ["목포시", "순천시", "여수시", "강진군", "광양시"],
  "전북": ["익산시", "전주시", "군산시"],
  "제주": ["제주시"],
  "충남": [
    "천안시",
    "당진시",
    "아산시",
    "계룡시",
    "보령시",
    "태안군",
    "예산군",
    "흥성군"
  ],
  "충북": ["청주시", "제천시"]
}
